titulo,autor,año,puntuación,categoría,idioma,análisis,tags,referencia
"La Biblia","Varios autores","s. I–V","10","Clásico católico","es","Texto fundacional de la fe católica. Inspirada por el Espíritu Santo según el Magisterio. El canon católico incluye 73 libros.","Revelación|Dogma|Canon","Dei Verbum, Concilio Vaticano II"
"The Bible","Various authors","1st–5th c.","10","Catholic classic","en","Foundational text of the Catholic faith. Inspired Scripture as defined by the Magisterium. The Catholic canon includes 73 books.","Revelation|Dogma|Canon","Dei Verbum, Vatican II"
"Summa Theologica","Santo Tomás de Aquino","1265–1274","10","Clásico católico","es","Cima de la teología escolástica. Referencia filosófica y teológica del Magisterio. Demuestra la armonía entre fe y razón.","Escolástica|Dogma|Filosofía","Aeterni Patris, León XIII"
"Confesiones","San Agustín de Hipona","397–400","10","Clásico católico","es","Autobiografía espiritual de uno de los Padres de la Iglesia. Modelo de conversión y búsqueda de Dios. Plenamente alineado con la doctrina.","Conversión|Gracia|Patrística","CIC 1700"
"Confessions","St. Augustine","397–400","10","Catholic classic","en","Spiritual autobiography of a Doctor of the Church. A model of conversion and God-seeking. Fully aligned with Catholic doctrine.","Conversion|Grace|Patristics","CCC 1700"
"La Imitación de Cristo","Tomás de Kempis","1418","10","Clásico católico","es","El libro más leído en la Iglesia tras la Biblia. Guía de devoción y vida interior, recomendado por incontables santos y papas.","Devoción|Ascética|Espiritualidad","Recomendado por múltiples Papas"
"The Imitation of Christ","Thomas à Kempis","1418","10","Catholic classic","en","The most-read book in the Church after the Bible. A guide to devotion and interior life, commended by countless saints and popes.","Devotion|Ascetics|Spirituality","Commended by multiple Popes"
"El Señor del Mundo","Robert Hugh Benson","1907","9","Clásico católico","es","Novela distópica profética mencionada por el Papa Francisco. Retrata el relativismo y el anticristianismo con lucidez sorprendente.","Distopía|Fe|Profecía","Mencionada por Papa Francisco (2013)"
"Lord of the World","Robert Hugh Benson","1907","9","Catholic classic","en","Prophetic dystopian novel praised by Pope Francis. Depicts relativism and anti-Christianity with remarkable foresight.","Dystopia|Faith|Prophecy","Praised by Pope Francis (2013)"
"El Señor de los Anillos","J.R.R. Tolkien","1954","9","Clásico católico","es","Tolkien era católico devoto. La obra está impregnada de cosmovisión cristiana: redención, sacrificio, providencia y lucha entre bien y mal.","Redención|Providencia|Bien y mal","Carta de Tolkien a su hijo (1953)"
"The Lord of the Rings","J.R.R. Tolkien","1954","9","Catholic classic","en","Tolkien was a devout Catholic. The work is imbued with Christian themes: redemption, sacrifice, providence and the struggle between good and evil.","Redemption|Providence|Good vs Evil","Tolkien's letter to his son (1953)"
"The Screwtape Letters","C.S. Lewis","1942","8","Catholic classic","en","Though Lewis was Anglican, this book is widely recommended by Catholic theologians for its sharp portrayal of temptation and spiritual warfare.","Spiritual warfare|Temptation|Virtue","Widely recommended by Catholic clergy"
"Mere Christianity","C.S. Lewis","1952","8","Catholic classic","en","Rational defense of Christian faith broadly compatible with Catholic doctrine. Widely used in Catholic apologetics despite Lewis being Anglican.","Apologetics|Faith|Reason","Recommended by Catholic apologists"
"Historia de un Alma","Santa Teresa de Lisieux","1898","10","Clásico católico","es","Autobiografía de la Doctora de la Iglesia. Su 'pequeño camino' es una de las espiritualidades más aprobadas por el Magisterio.","Santidad|Espiritualidad|Infancia espiritual","Canonización 1925, Doctora 1997"
"Story of a Soul","St. Thérèse of Lisieux","1898","10","Catholic classic","en","Autobiography of a Doctor of the Church. Her 'little way' is among the most approved spiritualities in the Magisterium.","Holiness|Spirituality|Little way","Canonized 1925, Doctor 1997"
"Camino","San Josemaría Escrivá","1934","9","Clásico católico","es","Colección de máximas espirituales con aprobación eclesiástica formal. Fundamento espiritual del Opus Dei.","Vida interior|Santificación|Trabajo","Aprobación eclesiástica formal"
"The Way","St. Josemaría Escrivá","1934","9","Catholic classic","en","Collection of spiritual maxims with formal ecclesiastical approval. The spiritual cornerstone of Opus Dei.","Interior life|Sanctification|Work","Formal ecclesiastical approval"
"Introduction to the Devout Life","St. Francis de Sales","1609","10","Catholic classic","en","A Doctor of the Church's guide to holiness in everyday life. One of the most important works of Catholic spiritual direction ever written.","Holiness|Spiritual direction|Virtue","Doctor of the Church"
"El Silencio","Shusaku Endo","1966","8","Clásico católico","es","Meditación sobre la fe, el martirio y la gracia bajo persecución. Recomendada por el Papa Francisco. Lectora exigente pero teológicamente rica.","Martirio|Gracia|Fe","Recomendada por Papa Francisco"
"Silence","Shusaku Endo","1966","8","Catholic classic","en","Deep meditation on faith, martyrdom and grace under persecution. Recommended by Pope Francis. Emotionally demanding but theologically rich.","Martyrdom|Grace|Faith","Recommended by Pope Francis"
"Evangelium Vitae","Papa Juan Pablo II","1995","10","Clásico católico","es","Encíclica sobre la vida humana. Define la posición católica sobre aborto y eutanasia. Referencia directa del Magisterio.","Vida|Bioética|Magisterio","Encíclica papal"
"Theology of the Body","Pope John Paul II","1979–1984","10","Catholic classic","en","Groundbreaking papal catechesis on human sexuality, love and the body. Authoritative Magisterium on marriage and chastity.","Sexuality|Marriage|Body","Papal catechesis, 129 addresses"
"La Divina Comedia","Dante Alighieri","1320","9","Clásico católico","es","Obra maestra medieval estructurada sobre la teología católica del pecado, el purgatorio y el cielo. Plenamente alineada con la escatología católica.","Escatología|Purgatorio|Cielo","Marco teológico católico"
"The Divine Comedy","Dante Alighieri","1320","9","Catholic classic","en","Medieval masterpiece structured around Catholic theology of sin, purgatory and heaven. Fully aligned with Catholic eschatology.","Eschatology|Purgatory|Heaven","Catholic theological framework"
"Seven Storey Mountain","Thomas Merton","1948","9","Catholic classic","en","Autobiography of a convert who became a Trappist monk. One of the most influential Catholic conversion narratives of the 20th century.","Conversion|Monasticism|Contemplation","Widely endorsed by Catholic clergy"
"Orthodoxy","G.K. Chesterton","1908","9","Catholic classic","en","Brilliant intellectual defense of Christian orthodoxy. Chesterton later converted to Catholicism. Fully compatible with Catholic doctrine.","Apologetics|Orthodoxy|Reason","Widely recommended by Catholic clergy"
"El Hobbit","J.R.R. Tolkien","1937","8","Clásico católico","es","Prequel de El Señor de los Anillos con los mismos valores de fondo: humildad, providencia y coraje. Plenamente compatible con valores católicos.","Virtud|Providencia|Aventura","Cosmovisión tolkieniana"
"The Hobbit","J.R.R. Tolkien","1937","8","Catholic classic","en","Prequel to The Lord of the Rings with the same underlying values: humility, providence and courage. Fully compatible with Catholic values.","Virtue|Providence|Adventure","Tolkienian worldview"
"El Exorcista","William Peter Blatty","1971","7","Clásico católico","es","Blatty era católico practicante. La novela defiende la realidad del mal y la eficacia del exorcismo, en línea con la doctrina (CIC 1673). El tono perturbador puede ser difícil para algunos lectores.","Demonología|Exorcismo|Fe","CIC 1673"
"The Exorcist","William Peter Blatty","1971","7","Catholic classic","en","Blatty was a devout Catholic. The novel affirms the reality of evil and the efficacy of exorcism, in line with Catholic doctrine (CCC 1673). Disturbing tone may be hard for some readers.","Demonology|Exorcism|Faith","CCC 1673"
"Crime and Punishment","Fyodor Dostoevsky","1866","9","Catholic classic","en","Deeply Christian exploration of sin, guilt, redemption and the transformative power of suffering and love. Widely commended by Catholic thinkers.","Sin|Redemption|Suffering","Christian literary tradition"
"El Código Da Vinci","Dan Brown","2003","1","Crítico","es","Presenta como histórica la tesis sin base académica de que Jesús se casó con María Magdalena y la Iglesia lo ocultó. Distorsiona deliberadamente la historia del cristianismo primitivo.","Desinformación|Gnosticismo|Anti-Iglesia","Refutado por Pontificia Comisión Bíblica"
"The Da Vinci Code","Dan Brown","2003","1","Critical","en","Presents as historical fact the academically unsupported claim that Jesus married Mary Magdalene and the Church concealed it. Deliberately distorts early Christian history.","Misinformation|Gnosticism|Anti-Church","Refuted by Pontifical Biblical Commission"
"El Anticristo","Friedrich Nietzsche","1895","1","Crítico","es","Ataque sistemático al cristianismo como 'moral de esclavos'. Nietzsche rechaza explícitamente los valores evangélicos y propone su superación filosófica.","Ateísmo|Nihilismo|Anti-cristiano","Contrario a CIC 2089"
"The Antichrist","Friedrich Nietzsche","1895","1","Critical","en","A systematic attack on Christianity as 'slave morality'. Nietzsche explicitly rejects Gospel values and calls for their philosophical transcendence.","Atheism|Nihilism|Anti-Christian","Contrary to CCC 2089"
"Así Habló Zaratustra","Friedrich Nietzsche","1883","1","Crítico","es","Proclama la 'muerte de Dios' y el Übermensch como superación del hombre cristiano. Fundamentalmente contrario a la antropología y teología católica.","Ateísmo|Superhombre|Muerte de Dios","Contrario a CIC 2089, GS 19"
"Thus Spoke Zarathustra","Friedrich Nietzsche","1883","1","Critical","en","Proclaims the 'death of God' and the Übermensch as the overcoming of Christian humanity. Fundamentally contrary to Catholic anthropology.","Atheism|Overman|Death of God","Contrary to CCC 2089"
"The God Delusion","Richard Dawkins","2006","1","Critical","en","A systematic argument that God is a delusion and religion is harmful. Directly attacks Catholic theology, the existence of God and religious morality.","Atheism|Anti-religion|Materialism","Contrary to CCC 31, 36"
"God Is Not Great","Christopher Hitchens","2007","1","Critical","en","Argues that religion 'poisons everything'. A direct and sustained attack on Catholicism, its history, institutions and moral claims.","Atheism|Anti-religion|Secularism","Contrary to CCC 31"
"The Golden Compass","Philip Pullman","1995","1","Critical","en","Pullman has stated the series is explicitly anti-Catholic. The 'Magisterium' is a villainous oppressive Church. The series culminates in a symbolic killing of God.","Anti-Church|Anti-Catholic|Fantasy","Condemned by Catholic League (2007)"
"La Brújula Dorada","Philip Pullman","1995","1","Crítico","es","Pullman ha declarado que la serie es deliberadamente anti-cristiana. El 'Magisterio' es una Iglesia opresora villana. La serie culmina en una muerte simbólica de Dios.","Anti-Iglesia|Anti-católico|Fantasía","Condenada por Catholic League (2007)"
"Ángeles y Demonios","Dan Brown","2000","2","Crítico","es","Retrata a líderes de la Iglesia como asesinos y al Vaticano como institución opresora. Históricamente inexacto y deliberadamente hostil.","Anti-Iglesia|Desinformación|Thriller","Históricamente inexacto según expertos vaticanos"
"Angels & Demons","Dan Brown","2000","2","Critical","en","Portrays Church leaders as murderers and the Vatican as oppressive. Historically inaccurate and deliberately hostile to the Catholic Church.","Anti-Church|Misinformation|Thriller","Historically inaccurate per Vatican scholars"
"Sapiens","Yuval Noah Harari","2011","2","Crítico","es","Trata la religión como 'ficción colectiva'. Reduce el cristianismo a una narrativa cultural sin valor de verdad. Materialismo histórico incompatible con la fe católica.","Materialismo|Secularismo|Historia","Contrario a Dei Verbum, CIC 36"
"Sapiens","Yuval Noah Harari","2011","2","Critical","en","Treats religion as a 'collective fiction'. Reduces Christianity to a cultural narrative without truth value. Historical materialism incompatible with Catholic faith.","Materialism|Secularism|History","Contrary to Dei Verbum"
"Homo Deus","Yuval Noah Harari","2015","1","Crítico","es","Argumenta que los humanos se convertirán en dioses mediante la tecnología, sustituyendo a la religión. Incompatible con la antropología católica y la existencia de Dios.","Transhumanismo|Ateísmo|Tecnología","Contrario a CIC 36, 2289"
"Homo Deus","Yuval Noah Harari","2015","1","Critical","en","Argues humans will become gods through technology, replacing religion. Directly incompatible with Catholic anthropology and the existence of a transcendent God.","Transhumanism|Atheism|Technology","Contrary to CCC 36, 2289"
"El Capital","Karl Marx","1867","2","Crítico","es","La doctrina marxista es incompatible con la doctrina social católica: niega la propiedad privada legítima y la transcendencia. La Iglesia ha condenado el comunismo en múltiples documentos.","Marxismo|Ateísmo|Materialismo","Rerum Novarum, Divini Redemptoris"
"The Communist Manifesto","Marx & Engels","1848","1","Critical","en","Foundational text of communism, condemned by the Church for its materialism, class hatred and abolition of family and private property.","Communism|Materialism|Atheism","Divini Redemptoris, Pius XI (1937)"
"El Secreto","Rhonda Byrne","2006","1","Crítico","es","Promueve la 'ley de atracción': los humanos pueden controlar la realidad con el pensamiento. Incompatible con la doctrina católica sobre oración, providencia y humildad.","New Age|Pensamiento mágico|Autoayuda","Contrario a CIC 2116, 2117"
"The Secret","Rhonda Byrne","2006","1","Critical","en","Promotes the 'law of attraction': humans can control reality through thought. Incompatible with Catholic teaching on prayer, providence and humility.","New Age|Magic thinking|Self-help","Contrary to CCC 2116, 2117"
"Cincuenta Sombras de Grey","E.L. James","2011","1","Crítico","es","Contenido explícitamente sexual que promueve relaciones BDSM. Incompatible con la doctrina católica sobre la sexualidad humana y la dignidad de la persona.","Sexualidad|Inmoralidad|Contenido adulto","Contrario a CIC 2337, 2362"
"Fifty Shades of Grey","E.L. James","2011","1","Critical","en","Explicitly sexual content promoting BDSM. Incompatible with Catholic teaching on human sexuality, the dignity of persons and the meaning of conjugal love.","Sexuality|Immorality|Adult content","Contrary to CCC 2337, 2362"
"El Cuento de la Criada","Margaret Atwood","1985","2","Crítico","es","Presenta una teocracia cristiana como distopía totalitaria. Usa la imaginería cristiana de forma negativa. Ampliamente considerada hostil al cristianismo.","Anti-cristiano|Distopía|Feminismo","Críticos católicos: encuadre hostil"
"The Handmaid's Tale","Margaret Atwood","1985","2","Critical","en","Presents a Christian theocracy as a totalitarian dystopia. Uses Catholic and Protestant imagery negatively. Widely seen as hostile to Christianity.","Anti-Christian|Dystopia|Feminism","Catholic critics: hostile framing"
"El Nombre de la Rosa","Umberto Eco","1980","5","Ambiguo","es","Novela histórica ambientada en un monasterio medieval. Eco era agnóstico pero el texto no ataca la fe directamente. Lectura neutral para católicos.","Historia|Medioevo|Misterio","Análisis literario general"
"The Name of the Rose","Umberto Eco","1980","5","Ambiguous","en","Historical novel set in a medieval monastery. Eco was agnostic but the text does not directly attack faith. Neutral reading for Catholics.","History|Middle Ages|Mystery","General literary analysis"
"Harry Potter y la Piedra Filosofal","J.K. Rowling","1997","5","Ambiguo","es","Ha generado debate en comunidades católicas. El Vaticano emitió valoraciones mixtas. Algunos obispos la recomiendan por temas de sacrificio y amor; otros señalan la presentación positiva de la magia. No está condenada.","Magia|Fantasía|Debate","Declaraciones Vaticano (2003, 2009)"
"Harry Potter and the Philosopher's Stone","J.K. Rowling","1997","5","Ambiguous","en","Has generated debate in Catholic circles. The Vatican issued mixed assessments. Some bishops recommend it for themes of sacrifice and love; others flag the positive portrayal of magic. Not condemned.","Magic|Fantasy|Debate","Vatican statements (2003, 2009)"
"Los Pilares de la Tierra","Ken Follett","1989","4","Ambiguo","es","Follett es ateo declarado y la novela refleja una visión crítica de la institución eclesiástica, aunque no ataca la fe en sí. Presenta clérigos corruptos y virtuosos.","Historia|Medioevo|Iglesia institucional","Análisis literario católico"
"The Pillars of the Earth","Ken Follett","1989","4","Ambiguous","en","Follett is a declared atheist and the novel reflects a critical view of the Church as institution, though it does not attack faith itself. Presents both corrupt and virtuous clergy.","History|Middle Ages|Church institution","Catholic literary analysis"
"1984","George Orwell","1949","6","Ambiguo","es","Distopía que defiende dignidad humana, verdad y libertad de conciencia. Valores plenamente compatibles con la doctrina social católica. Orwell no era religioso pero el marco moral se alinea.","Dignidad|Libertad|Totalitarismo","Doctrina Social de la Iglesia"
"1984","George Orwell","1949","6","Ambiguous","en","Dystopia defending human dignity, truth and freedom of conscience — values compatible with Catholic social teaching. Orwell was not religious but the moral framework aligns.","Dignity|Freedom|Totalitarism","Catholic Social Teaching"
"El Principito","Antoine de Saint-Exupéry","1943","7","Ambiguo","es","Fábula filosófica con valores compatibles con la ética cristiana: amor desinteresado, responsabilidad, búsqueda de lo esencial. No es obra religiosa pero sus valores no contradicen la doctrina.","Valores|Amor|Filosofía","Compatibilidad ética general"
"The Little Prince","Antoine de Saint-Exupéry","1943","7","Ambiguous","en","Philosophical fable with values compatible with Christian ethics: selfless love, responsibility, search for the essential. Not religious but its values do not contradict Catholic doctrine.","Values|Love|Philosophy","General ethical compatibility"
"El Alquimista","Paulo Coelho","1988","3","Ambiguo","es","Mezcla sincretista de espiritualidades: New Age, esoterismo y religiones orientales. La 'Leyenda Personal' como guía moral es incompatible con la vocación cristiana como llamada de Dios.","New Age|Sincretismo|Esoterismo","Contrario a CIC 2116, 2117"
"The Alchemist","Paulo Coelho","1988","3","Ambiguous","en","Syncretic mix of New Age, esoterism and Eastern spiritualities. The 'Personal Legend' as moral guide is incompatible with the Christian vocation as God's call.","New Age|Syncretism|Esoterism","Contrary to CCC 2116, 2117"
"Matar a un Ruiseñor","Harper Lee","1960","8","Ambiguo","es","Defiende la dignidad humana, la justicia y la compasión. Valores plenamente compatibles con la doctrina social católica. Sin conflictos doctrinales.","Justicia|Dignidad|Compasión","Doctrina Social de la Iglesia"
"To Kill a Mockingbird","Harper Lee","1960","8","Ambiguous","en","Defends human dignity, justice and compassion. Values fully compatible with Catholic social teaching. No doctrinal conflicts.","Justice|Dignity|Compassion","Catholic Social Teaching"
"Siddhartha","Hermann Hesse","1922","2","Ambiguo","es","Novela sobre la búsqueda espiritual budista. Presenta la iluminación personal sin referencia a Dios ni a la redención. Visión espiritual incompatible con el camino de salvación cristiano.","Budismo|Sincretismo|Espiritualidad","Contrario a Dominus Iesus"
"Siddhartha","Hermann Hesse","1922","2","Ambiguous","en","Novel of Buddhist spiritual seeking. Presents personal enlightenment without reference to God or redemption. Spiritual vision incompatible with the Christian path of salvation.","Buddhism|Syncretism|Spirituality","Contrary to Dominus Iesus"
"Un Mundo Feliz","Aldous Huxley","1932","4","Ambiguo","es","Distopía que critica el hedonismo y la pérdida de trascendencia, compatible con advertencias católicas sobre el consumismo. Sin embargo, Huxley promovía el misticismo psicodélico.","Distopía|Hedonismo|Trascendencia","Compatibilidad parcial con DSI"
"Brave New World","Aldous Huxley","1932","4","Ambiguous","en","Dystopia criticising hedonism and loss of transcendence, compatible with Catholic warnings on consumerism. However Huxley promoted psychedelic mysticism incompatible with Catholic spirituality.","Dystopia|Hedonism|Transcendence","Partial compatibility with CST"
"The Shack","William P. Young","2007","3","Ambiguous","en","Presents a heterodox vision of the Trinity. Widely criticized by Catholic and Protestant theologians for theological errors, universalism and unorthodox depictions of God.","Heterodoxy|Trinity|Universalism","Criticized by Catholic theologians"
"Eat Pray Love","Elizabeth Gilbert","2006","2","Ambiguous","en","Promotes a syncretic spiritual journey mixing Hinduism, Buddhism and vague theism. Incompatible with Catholic teaching on the uniqueness of Christ and the Church.","Syncretism|New Age|Spirituality","Contrary to CCC 843, Dominus Iesus"
"El Origen de las Especies","Charles Darwin","1859","4","Ambiguo","es","La evolución no es condenada por la Iglesia, que la acepta como compatible con la creación. La tensión surge en la interpretación del alma humana, que la Iglesia considera creación directa de Dios.","Evolución|Ciencia|Creación","CIC 283, Juan Pablo II (1996)"
"Breaking the Spell","Daniel Dennett","2006","2","Critical","en","Treats religion as a natural phenomenon to be studied scientifically, denying its transcendent claims. Reductionist view incompatible with Catholic theology.","Naturalism|Reductionism|Secularism","Contrary to CCC 36"
"La Ciudad de Dios","San Agustín","413–426","10","Clásico católico","es","Tratado fundamental sobre la relación entre la Iglesia y el mundo. Pilar de la teología política católica. Escrito como respuesta al saqueo de Roma.","Eclesiología|Historia|Filosofía","Catecismo de la Iglesia Católica"
"The City of God","St. Augustine","413–426","10","Catholic classic","en","Foundational treatise on the relationship between the Church and the world. A pillar of Catholic political theology written in response to the sack of Rome.","Ecclesiology|History|Philosophy","Catechism of the Catholic Church"
"La Suma Contra los Gentiles","Santo Tomás de Aquino","1259–1265","10","Clásico católico","es","Obra apologética de Tomás de Aquino dirigida a no creyentes. Defiende racionalmente la fe católica sin recurrir a la autoridad de la Escritura.","Apologética|Filosofía|Razón","Magisterio de la Iglesia"
"Interior Castle","St. Teresa of Ávila","1577","10","Catholic classic","en","Mystical masterpiece by a Doctor of the Church describing the soul's journey to God through seven dwelling places. One of the greatest works of Catholic mysticism.","Mysticism|Prayer|Soul","Doctor of the Church, 1970"
"El Castillo Interior","Santa Teresa de Ávila","1577","10","Clásico católico","es","Obra mística cumbre de la Doctora de la Iglesia. Describe el camino del alma hacia Dios a través de siete moradas. Uno de los grandes textos del misticismo católico.","Mística|Oración|Alma","Doctora de la Iglesia, 1970"
"Subida al Monte Carmelo","San Juan de la Cruz","1578","10","Clásico católico","es","Tratado místico del Doctor de la Iglesia sobre la purificación del alma y la unión con Dios. Cumbre de la espiritualidad carmelita.","Mística|Purificación|Unión con Dios","Doctor de la Iglesia, 1926"
"Dark Night of the Soul","St. John of the Cross","1578","10","Catholic classic","en","Mystical treatise by a Doctor of the Church on the soul's purification and union with God. The summit of Carmelite spirituality.","Mysticism|Purification|Union with God","Doctor of the Church, 1926"
"Diálogos","Santa Catalina de Siena","1378","10","Clásico católico","es","Obra dictada místicamente por la Doctora de la Iglesia. Diálogo del alma con Dios sobre la providencia, la oración y la virtud.","Mística|Providencia|Virtud","Doctora de la Iglesia, 1970"
"The Everlasting Man","G.K. Chesterton","1925","9","Catholic classic","en","Chesterton's vision of world history through a Catholic lens. Cited by C.S. Lewis as key to his own conversion to Christianity.","History|Apologetics|Faith","Catholic intellectual tradition"
"El Hombre Eterno","G.K. Chesterton","1925","9","Clásico católico","es","Visión de la historia universal desde una perspectiva católica. C.S. Lewis la citó como clave en su propia conversión al cristianismo.","Historia|Apologética|Fe","Tradición intelectual católica"
"Brideshead Revisited","Evelyn Waugh","1945","8","Catholic classic","en","Novel by a Catholic convert exploring faith, grace and the aristocratic English Catholic world. Widely praised by Catholic literary critics for its theological depth.","Grace|Faith|Conversion","Catholic literary tradition"
"El poder y la gloria","Graham Greene","1940","8","Clásico católico","es","Novela de un católico practicante sobre un sacerdote perseguido en México anticlerical. Profunda meditación sobre la gracia, el pecado y la fidelidad a la vocación.","Gracia|Sacerdocio|Persecución","Tradición literaria católica"
"The Power and the Glory","Graham Greene","1940","8","Catholic classic","en","Novel by a devout Catholic about a priest hunted in anti-clerical Mexico. A profound meditation on grace, sin and fidelity to vocation.","Grace|Priesthood|Persecution","Catholic literary tradition"
"Quo Vadis","Henryk Sienkiewicz","1896","9","Novela histórica","es","Novela histórica sobre los primeros cristianos en Roma bajo Nerón. Premio Nobel 1905. Retrata el martirio y la fe con profunda simpatía católica.","Primeros cristianos|Martirio|Roma","Premio Nobel Literatura 1905"
"Quo Vadis","Henryk Sienkiewicz","1896","9","Historical novel","en","Historical novel about the first Christians in Rome under Nero. Nobel Prize 1905. Portrays martyrdom and faith with deep Catholic sympathy.","Early Christians|Martyrdom|Rome","Nobel Prize Literature 1905"
"El último Cátaro","Antonio Gala","1999","4","Novela histórica","es","Novela sobre la herejía cátara y la Inquisición. Presenta una visión crítica de la Iglesia medieval. Históricamente contextualizada pero con simpatía hacia los herejes.","Inquisición|Herejía|Medioevo","Análisis histórico literario"
"La Catedral del Mar","Ildefonso Falcones","2006","5","Novela histórica","es","Novela histórica sobre la construcción de Santa María del Mar en Barcelona medieval. Retrata la Iglesia con luces y sombras. Compatible con la fe aunque no es obra religiosa.","Medioevo|Barcelona|Iglesia","Análisis literario general"
"The Name of the Rose","Umberto Eco","1980","5","Historical novel","en","Historical mystery set in a medieval monastery. Eco was agnostic but the novel does not directly attack the faith. Presents both corrupt and virtuous clergy.","History|Middle Ages|Mystery","General literary analysis"
"Anya","Susan Fromberg Schaeffer","1974","6","Historical novel","en","Novel about the Holocaust that raises deep questions about God, suffering and human dignity. Compatible with Catholic reflection on theodicy and the dignity of the human person.","Holocaust|Suffering|Dignity","Catholic Social Teaching"
"Los Borgia","Mario Puzo","2001","3","Novela histórica","es","Novela sobre la familia papal Borgia que retrata la corrupción eclesiástica del Renacimiento. Aunque histórica, presenta una visión muy negativa de la institución de la Iglesia.","Corrupción|Renacimiento|Papado","Análisis histórico literario"
"El Poder del Ahora","Eckhart Tolle","1997","2","New Age","es","Propone una espiritualidad sincretista centrada en el 'yo presente' sin referencia a Dios personal ni a la redención. Incompatible con la visión cristiana de la persona y la salvación.","New Age|Sincretismo|Budismo","Contrario a CIC 27, 1700"
"The Power of Now","Eckhart Tolle","1997","2","New Age","en","Proposes a syncretic spirituality centred on the 'present self' with no reference to a personal God or redemption. Incompatible with the Christian vision of the person and salvation.","New Age|Syncretism|Buddhism","Contrary to CCC 27, 1700"
"Un Curso de Milagros","Helen Schucman","1976","1","New Age","es","Presentado como dictado por Jesús, redefine conceptos cristianos desde una perspectiva gnóstica: niega el pecado, la redención y la realidad del mal. Directamente incompatible con la doctrina católica.","Gnosticismo|New Age|Falsa revelación","Contrario a Dei Verbum, CIC 67"
"A Course in Miracles","Helen Schucman","1976","1","New Age","en","Claimed to be dictated by Jesus, it redefines Christian concepts from a Gnostic perspective: denies sin, redemption and the reality of evil. Directly incompatible with Catholic doctrine.","Gnosticism|New Age|False revelation","Contrary to Dei Verbum, CCC 67"
"Los Cuatro Acuerdos","Miguel Ruiz","1997","2","New Age","es","Basado en la espiritualidad tolteca. Propone una ética sin referencia a Dios ni a la ley moral objetiva. Incompatible con la moral católica aunque algunos principios son superficialmente compatibles.","New Age|Espiritualidad tolteca|Relativismo moral","Contrario a Veritatis Splendor"
"The Four Agreements","Miguel Ruiz","1997","2","New Age","en","Based on Toltec spirituality. Proposes an ethics with no reference to God or objective moral law. Incompatible with Catholic morality though some principles are superficially compatible.","New Age|Toltec spirituality|Moral relativism","Contrary to Veritatis Splendor"
"Conversaciones con Dios","Neale Donald Walsch","1995","1","New Age","es","Pretende ser un diálogo directo con Dios que contradice sistemáticamente la revelación cristiana: niega el infierno, el pecado y la autoridad de la Iglesia. Directamente contrario a la fe católica.","Falsa revelación|New Age|Gnosticismo","Contrario a Dei Verbum, CIC 67"
"Conversations with God","Neale Donald Walsch","1995","1","New Age","en","Claims to be a direct dialogue with God that systematically contradicts Christian revelation: denies hell, sin and the authority of the Church. Directly contrary to Catholic faith.","False revelation|New Age|Gnosticism","Contrary to Dei Verbum, CCC 67"
"El Hombre en Busca de Sentido","Viktor Frankl","1946","7","Ambiguo","es","Memoria del Holocausto y fundamento de la logoterapia. Frankl era judío pero su visión del sentido, el sufrimiento y la dignidad humana es compatible con la antropología cristiana.","Sentido|Sufrimiento|Dignidad","Compatible con antropología cristiana"
"Man's Search for Meaning","Viktor Frankl","1946","7","Ambiguous","en","Holocaust memoir and foundation of logotherapy. Frankl was Jewish but his vision of meaning, suffering and human dignity is compatible with Christian anthropology.","Meaning|Suffering|Dignity","Compatible with Christian anthropology"
"Despertando al Gigante Interior","Tony Robbins","1991","2","New Age","es","Autoayuda basada en el poder ilimitado del individuo. Visión antropológica que prescinde de Dios y coloca al yo como fuente de toda transformación. Incompatible con la visión cristiana de la gracia.","Autoayuda|Individualismo|New Age","Contrario a CIC 1700, 2559"
"Awaken the Giant Within","Tony Robbins","1991","2","New Age","en","Self-help based on the unlimited power of the individual. An anthropological vision that dispenses with God and places the self as the source of all transformation. Incompatible with the Christian vision of grace.","Self-help|Individualism|New Age","Contrary to CCC 1700, 2559"
"El Principio del Fin","Tim LaHaye y Jerry Jenkins","1995","4","Ambiguo","es","Serie de novelas evangélicas sobre el Apocalipsis. Desde la perspectiva católica, el Rapto tal como se describe no es doctrina católica. Lectura interesante pero teológicamente divergente.","Apocalipsis|Protestantismo|Escatología","Diverge de escatología católica"
"Left Behind","Tim LaHaye & Jerry Jenkins","1995","4","Ambiguous","en","Evangelical novel series about the Apocalypse. The Rapture as described is not Catholic doctrine. Interesting read but theologically divergent from Catholic eschatology.","Apocalypse|Protestantism|Eschatology","Diverges from Catholic eschatology"
"El Retrato de Dorian Gray","Oscar Wilde","1890","4","Ambiguo","es","Wilde se convirtió al catolicismo en su lecho de muerte. La novela es una parábola moral sobre el pecado y sus consecuencias, compatible con la visión católica aunque explora el hedonismo.","Pecado|Hedonismo|Moralidad","Conversión de Wilde al catolicismo"
"The Picture of Dorian Gray","Oscar Wilde","1890","4","Ambiguous","en","Wilde converted to Catholicism on his deathbed. The novel is a moral parable about sin and its consequences, compatible with the Catholic vision though it explores hedonism.","Sin|Hedonism|Morality","Wilde's conversion to Catholicism"
"El Gran Gatsby","F. Scott Fitzgerald","1925","6","Ambiguo","es","Fitzgerald era católico. La novela critica el sueño americano y la vacuidad del materialismo, valores compatibles con la crítica católica al consumismo. Sin conflictos doctrinales directos.","Materialismo|Vanidad|Crítica social","Doctrina Social de la Iglesia"
"The Great Gatsby","F. Scott Fitzgerald","1925","6","Ambiguous","en","Fitzgerald was Catholic. The novel critiques the American dream and the emptiness of materialism — values compatible with the Catholic critique of consumerism. No direct doctrinal conflicts.","Materialism|Vanity|Social critique","Catholic Social Teaching"
"Cien Años de Soledad","Gabriel García Márquez","1967","5","Ambiguo","es","Obra cumbre del realismo mágico latinoamericano. García Márquez era agnóstico. La novela mezcla elementos religiosos con magia sin distinguirlos. Lectura neutral, sin ataque directo a la fe.","Realismo mágico|Religión popular|Latinoamérica","Análisis literario general"
"One Hundred Years of Solitude","Gabriel García Márquez","1967","5","Ambiguous","en","Masterpiece of Latin American magical realism. García Márquez was agnostic. The novel mixes religious elements with magic without distinguishing them. Neutral reading, no direct attack on faith.","Magical realism|Folk religion|Latin America","General literary analysis"
"El Médico","Noah Gordon","1986","5","Novela histórica","es","Novela histórica sobre un médico inglés en la Persia medieval. Retrata con respeto las tres grandes religiones monoteístas. Sin ataques directos a la fe católica.","Historia|Medicina medieval|Religiones","Análisis literario general"
"The Physician","Noah Gordon","1986","5","Historical novel","en","Historical novel about an English physician in medieval Persia. Portrays the three great monotheistic religions with respect. No direct attacks on Catholic faith.","History|Medieval medicine|Religions","General literary analysis"
"El Monje que Vendió su Ferrari","Robin Sharma","1997","2","New Age","es","Mezcla de budismo, hinduismo y autoayuda occidental. El camino espiritual propuesto prescinde de Dios y de la redención. Incompatible con la espiritualidad cristiana.","New Age|Budismo|Autoayuda","Contrario a Dominus Iesus"
"The Monk Who Sold His Ferrari","Robin Sharma","1997","2","New Age","en","Mix of Buddhism, Hinduism and Western self-help. The proposed spiritual path dispenses with God and redemption. Incompatible with Christian spirituality.","New Age|Buddhism|Self-help","Contrary to Dominus Iesus"
"Mujercitas","Louisa May Alcott","1868","8","Ambiguo","es","Novela de formación con sólidos valores cristianos protestantes: sacrificio, amor familiar, humildad y servicio. Plenamente compatible con la ética cristiana católica.","Familia|Virtud|Formación","Compatible con ética cristiana"
"Little Women","Louisa May Alcott","1868","8","Ambiguous","en","Coming-of-age novel with solid Protestant Christian values: sacrifice, family love, humility and service. Fully compatible with Catholic Christian ethics.","Family|Virtue|Formation","Compatible with Christian ethics"
"El Diario de Ana Frank","Anne Frank","1947","7","Ambiguo","es","Testimonio del Holocausto que defiende la dignidad humana y la esperanza en medio del horror. Compatible con la doctrina social católica. Sin conflictos doctrinales.","Dignidad|Esperanza|Holocausto","Doctrina Social de la Iglesia"
"The Diary of a Young Girl","Anne Frank","1947","7","Ambiguous","en","Holocaust testimony defending human dignity and hope in the face of horror. Compatible with Catholic social teaching. No doctrinal conflicts.","Dignity|Hope|Holocaust","Catholic Social Teaching"
"Dune","Frank Herbert","1965","4","Ambiguo","es","Ciencia ficción que explora religión, poder y ecología. Herbert construye un universo con elementos de múltiples tradiciones religiosas. Lectura neutral aunque la religión se presenta de forma funcional, no trascendente.","Ciencia ficción|Religión|Poder","Análisis literario general"
"Dune","Frank Herbert","1965","4","Ambiguous","en","Science fiction exploring religion, power and ecology. Herbert builds a universe with elements from multiple religious traditions. Neutral reading though religion is presented functionally, not transcendently.","Science fiction|Religion|Power","General literary analysis"
"Don Quijote de la Mancha","Miguel de Cervantes","1605","8","Literatura universal","es","Cervantes era católico practicante y la obra refleja la cosmovisión cristiana de la España del Siglo de Oro. La fe, la caballería y la virtud son ejes centrales. Sin conflictos doctrinales.","Virtud|Fe|Literatura española","Tradición literaria católica española"
"Don Quixote","Miguel de Cervantes","1605","8","Universal literature","en","Cervantes was a practising Catholic and the work reflects the Christian worldview of Golden Age Spain. Faith, chivalry and virtue are central themes. No doctrinal conflicts.","Virtue|Faith|Spanish literature","Spanish Catholic literary tradition"
"Los Miserables","Victor Hugo","1862","8","Literatura universal","es","Profunda meditación sobre la redención, la misericordia y la justicia. El personaje del obispo Myriel encarna la caridad cristiana. Hugo era deísta pero los valores de la novela son compatibles con la doctrina católica.","Redención|Misericordia|Justicia","Compatible con doctrina social católica"
"Les Misérables","Victor Hugo","1862","8","Universal literature","en","A profound meditation on redemption, mercy and justice. The character of Bishop Myriel embodies Christian charity. Hugo was a deist but the novel's values are compatible with Catholic doctrine.","Redemption|Mercy|Justice","Compatible with Catholic social doctrine"
"Anna Karenina","León Tolstói","1878","6","Literatura universal","es","Tolstói exploró profundamente la moral cristiana aunque terminó alejándose de la Iglesia Ortodoxa. La novela retrata las consecuencias del adulterio y la búsqueda de sentido. Lectura con matices pero sin ataque directo a la fe.","Moral|Matrimonio|Consecuencias del pecado","Análisis literario católico"
"Anna Karenina","Leo Tolstoy","1878","6","Universal literature","en","Tolstoy explored Christian morality deeply though he eventually distanced himself from the Orthodox Church. The novel portrays the consequences of adultery and the search for meaning.","Morality|Marriage|Consequences of sin","Catholic literary analysis"
"Guerra y Paz","León Tolstói","1869","7","Literatura universal","es","Épica novela histórica con profundas reflexiones sobre la providencia, la muerte y el sentido de la vida. Los personajes buscan a Dios a su manera. Compatible con la reflexión cristiana aunque Tolstói tenía una visión heterodoxa.","Providencia|Muerte|Sentido de la vida","Análisis literario general"
"War and Peace","Leo Tolstoy","1869","7","Universal literature","en","Epic historical novel with deep reflections on providence, death and the meaning of life. Characters seek God in their own way. Compatible with Christian reflection though Tolstoy had a heterodox view.","Providence|Death|Meaning of life","General literary analysis"
"El Proceso","Franz Kafka","1925","4","Literatura universal","es","Alegoría sobre la burocracia y la culpa sin redención. Kafka era agnóstico. La novela retrata un mundo sin gracia ni salvación, visión incompatible con la esperanza cristiana aunque literariamente valiosa.","Culpa|Burocracia|Absurdo","Análisis literario general"
"The Trial","Franz Kafka","1925","4","Universal literature","en","Allegory of bureaucracy and guilt without redemption. Kafka was agnostic. The novel portrays a world without grace or salvation, a vision incompatible with Christian hope though literarily valuable.","Guilt|Bureaucracy|Absurd","General literary analysis"
"Crimen y Castigo","Fiódor Dostoievski","1866","9","Literatura universal","es","Exploración profundamente cristiana del pecado, la culpa, la redención y el poder transformador del sufrimiento y el amor. Dostoievski era ortodoxo devoto. Muy recomendada por pensadores católicos.","Pecado|Redención|Sufrimiento","Tradición literaria cristiana"
"El Idiota","Fiódor Dostoievski","1869","8","Literatura universal","es","El príncipe Myshkin es una figura cristiana por excelencia: bondad pura en un mundo corrupto. Dostoievski explora la santidad y el sufrimiento inocente desde una profunda perspectiva cristiana.","Santidad|Bondad|Sufrimiento inocente","Tradición literaria cristiana"
"The Idiot","Fyodor Dostoevsky","1869","8","Universal literature","en","Prince Myshkin is a quintessentially Christian figure: pure goodness in a corrupt world. Dostoevsky explores holiness and innocent suffering from a deep Christian perspective.","Holiness|Goodness|Innocent suffering","Christian literary tradition"
"Los Hermanos Karamázov","Fiódor Dostoievski","1880","9","Literatura universal","es","Considerada la cumbre de Dostoievski. Debate profundo sobre la existencia de Dios, el sufrimiento, la fe y la redención. El padre Zósima encarna la espiritualidad cristiana ortodoxa. Muy recomendada.","Existencia de Dios|Fe|Redención","Tradición literaria cristiana"
"The Brothers Karamazov","Fyodor Dostoevsky","1880","9","Universal literature","en","Considered Dostoevsky's masterpiece. A profound debate on the existence of God, suffering, faith and redemption. Father Zosima embodies Christian Orthodox spirituality. Highly recommended.","Existence of God|Faith|Redemption","Christian literary tradition"
"Madame Bovary","Gustave Flaubert","1857","3","Literatura universal","es","Retrato del adulterio y la insatisfacción burguesa. Flaubert era agnóstico y la novela critica implícitamente los valores religiosos de provincia. Sin condena directa pero con visión moral incompatible.","Adulterio|Insatisfacción|Moral","Análisis literario católico"
"Madame Bovary","Gustave Flaubert","1857","3","Universal literature","en","Portrait of adultery and bourgeois dissatisfaction. Flaubert was agnostic and the novel implicitly critiques provincial religious values. No direct condemnation but morally incompatible vision.","Adultery|Dissatisfaction|Morality","Catholic literary analysis"
"El Extranjero","Albert Camus","1942","2","Literatura universal","es","Manifiesto del absurdismo: la vida carece de sentido y Dios no existe. El protagonista rechaza explícitamente la consolación religiosa antes de morir. Directamente contrario a la esperanza cristiana.","Absurdismo|Ateísmo|Nihilismo","Contrario a CIC 27, 1817"
"The Stranger","Albert Camus","1942","2","Universal literature","en","Manifesto of absurdism: life is meaningless and God does not exist. The protagonist explicitly rejects religious consolation before dying. Directly contrary to Christian hope.","Absurdism|Atheism|Nihilism","Contrary to CCC 27, 1817"
"El Mito de Sísifo","Albert Camus","1942","2","Literatura universal","es","Ensayo filosófico que desarrolla el absurdismo y rechaza explícitamente la fe religiosa como 'salto filosófico ilegítimo'. Incompatible con la visión cristiana del sentido de la vida.","Absurdismo|Ateísmo|Filosofía","Contrario a CIC 27, 1817"
"En Busca del Tiempo Perdido","Marcel Proust","1913–1927","5","Literatura universal","es","Monumental obra sobre la memoria y el tiempo. Proust era agnóstico pero la novela no ataca la fe directamente. Contiene referencias religiosas y reflexiones sobre la trascendencia. Lectura neutral.","Memoria|Tiempo|Trascendencia","Análisis literario general"
"La República","Platón","380 a.C.","6","Filosofía","es","Obra fundacional de la filosofía occidental. Platón influyó decisivamente en el pensamiento cristiano a través de Agustín y otros Padres. La búsqueda del Bien y la justicia es compatible con la ética cristiana.","Justicia|Bien|Filosofía clásica","Base de la filosofía cristiana"
"The Republic","Plato","380 BC","6","Philosophy","en","Foundational work of Western philosophy. Plato decisively influenced Christian thought through Augustine and other Fathers. The search for the Good and justice is compatible with Christian ethics.","Justice|Good|Classical philosophy","Foundation of Christian philosophy"
"Ética a Nicómaco","Aristóteles","350 a.C.","7","Filosofía","es","Fundamento de la ética tomista. Tomás de Aquino integró la ética aristotélica en la moral católica. La búsqueda de la virtud y el bien humano es compatible y complementaria con la moral cristiana.","Virtud|Ética|Bien humano","Base de la ética tomista, Aeterni Patris"
"Nicomachean Ethics","Aristotle","350 BC","7","Philosophy","en","Foundation of Thomistic ethics. Thomas Aquinas integrated Aristotelian ethics into Catholic morality. The pursuit of virtue and human good is compatible and complementary to Christian morality.","Virtue|Ethics|Human good","Foundation of Thomistic ethics, Aeterni Patris"
"Meditaciones","Marco Aurelio","180 d.C.","6","Filosofía","es","Reflexiones estoicas sobre la virtud, el deber y la providencia. El estoicismo comparte valores con el cristianismo: autodominio, servicio, aceptación del sufrimiento. No es obra cristiana pero es compatible éticamente.","Estoicismo|Virtud|Providencia","Compatible con ética cristiana"
"Meditations","Marcus Aurelius","180 AD","6","Philosophy","en","Stoic reflections on virtue, duty and providence. Stoicism shares values with Christianity: self-mastery, service, acceptance of suffering. Not a Christian work but ethically compatible.","Stoicism|Virtue|Providence","Compatible with Christian ethics"
"Crítica de la Razón Pura","Immanuel Kant","1781","4","Filosofía","es","Kant limita el conocimiento racional de Dios aunque lo postula como necesidad moral. Su crítica a los argumentos tradicionales de la existencia de Dios es problemática para la teología natural católica.","Teología natural|Razón|Conocimiento de Dios","Contrario a CIC 36, Fides et Ratio"
"Critique of Pure Reason","Immanuel Kant","1781","4","Philosophy","en","Kant limits rational knowledge of God though he postulates God as a moral necessity. His critique of traditional arguments for God's existence is problematic for Catholic natural theology.","Natural theology|Reason|Knowledge of God","Contrary to CCC 36, Fides et Ratio"
"El Ser y la Nada","Jean-Paul Sartre","1943","1","Filosofía","es","Existencialismo ateo radical: la existencia precede a la esencia, Dios no existe y el hombre está condenado a ser libre sin referencia trascendente. Directamente contrario a la antropología católica.","Existencialismo|Ateísmo|Libertad sin Dios","Contrario a CIC 27, GS 19"
"Being and Nothingness","Jean-Paul Sartre","1943","1","Philosophy","en","Radical atheist existentialism: existence precedes essence, God does not exist and man is condemned to be free without transcendent reference. Directly contrary to Catholic anthropology.","Existentialism|Atheism|Freedom without God","Contrary to CCC 27, GS 19"
"El Príncipe","Nicolás Maquiavelo","1532","2","Filosofía","es","Separa radicalmente la política de la moral cristiana. El fin justifica los medios, principio explícitamente contrario a la doctrina moral católica. Fue incluido en el Índice de libros prohibidos.","Política|Moral|El fin justifica los medios","Incluido en el Índice de libros prohibidos"
"The Prince","Niccolò Machiavelli","1532","2","Philosophy","en","Radically separates politics from Christian morality. The end justifies the means — a principle explicitly contrary to Catholic moral doctrine. Was placed on the Index of Forbidden Books.","Politics|Morality|End justifies means","Placed on the Index of Forbidden Books"
"Fides et Ratio","Papa Juan Pablo II","1998","10","Filosofía","es","Encíclica sobre la relación entre fe y razón. Defiende que la filosofía y la teología no se oponen sino que se complementan. Referencia fundamental del Magisterio sobre el pensamiento filosófico católico.","Fe|Razón|Filosofía cristiana","Encíclica papal"
"Fides et Ratio","Pope John Paul II","1998","10","Philosophy","en","Encyclical on the relationship between faith and reason. Defends that philosophy and theology do not oppose but complement each other. A fundamental Magisterium reference on Catholic philosophical thought.","Faith|Reason|Christian philosophy","Papal encyclical"
"El Antimanual de Filosofía","Michel Onfray","2001","1","Filosofía","es","Onfray es militantemente ateo y anticristiano. Sus obras atacan sistemáticamente el cristianismo como fuente de represión y oscurantismo. Directamente contrario a la fe católica.","Ateísmo|Anti-cristiano|Materialismo","Contrario a CIC 2089"
"Tratado de la Naturaleza Humana","David Hume","1739","3","Filosofía","es","Empirismo radical que niega la causalidad necesaria y socava los argumentos tradicionales para la existencia de Dios. Hume fue el gran crítico de la teología natural. Problemático para la fe católica.","Empirismo|Escepticismo|Teología natural","Contrario a CIC 36, Fides et Ratio"
"A Treatise of Human Nature","David Hume","1739","3","Philosophy","en","Radical empiricism that denies necessary causality and undermines traditional arguments for God's existence. Hume was the great critic of natural theology. Problematic for Catholic faith.","Empiricism|Scepticism|Natural theology","Contrary to CCC 36, Fides et Ratio"
"El Gen Egoísta","Richard Dawkins","1976","3","Ciencia y fe","es","Obra científica sobre la evolución génica. En sí misma es compatible con la fe aunque Dawkins la usa como base para su materialismo ateo. La teoría evolutiva no es condenada por la Iglesia.","Evolución|Genética|Materialismo","CIC 283, Juan Pablo II (1996)"
"The Selfish Gene","Richard Dawkins","1976","3","Science and faith","en","Scientific work on gene evolution. Compatible with faith in itself though Dawkins uses it as a basis for atheistic materialism. Evolutionary theory is not condemned by the Church.","Evolution|Genetics|Materialism","CCC 283, John Paul II (1996)"
"Breve Historia del Tiempo","Stephen Hawking","1988","5","Ciencia y fe","es","Divulgación científica sobre el origen del universo. Hawking era agnóstico pero la obra no ataca directamente la fe. La famosa frase sobre 'no necesitar a Dios' es filosófica, no científica. Lectura neutral.","Cosmología|Origen del universo|Ciencia","CIC 283, Gaudium et Spes 36"
"A Brief History of Time","Stephen Hawking","1988","5","Science and faith","en","Popular science on the origin of the universe. Hawking was agnostic but the work does not directly attack faith. The famous remark about not needing God is philosophical, not scientific. Neutral reading.","Cosmology|Origin of universe|Science","CCC 283, Gaudium et Spes 36"
"El Lenguaje de Dios","Francis Collins","2006","9","Ciencia y fe","es","El director del Proyecto Genoma Humano defiende que la ciencia y la fe cristiana son completamente compatibles. Testimonio personal de conversión al cristianismo desde el ateísmo. Muy recomendado.","Ciencia y fe|Evolución|Conversión","Plenamente compatible con CIC 283"
"The Language of God","Francis Collins","2006","9","Science and faith","en","The director of the Human Genome Project argues that science and Christian faith are fully compatible. Personal testimony of conversion to Christianity from atheism. Highly recommended.","Science and faith|Evolution|Conversion","Fully compatible with CCC 283"
"Dios y la Nueva Física","Paul Davies","1983","6","Ciencia y fe","es","Davies explora las implicaciones filosóficas y religiosas de la física moderna. No es cristiano pero defiende que la ciencia apunta hacia un diseño inteligente. Lectura compatible con la reflexión teológica.","Física|Diseño inteligente|Cosmología","Compatible con CIC 286"
"God and the New Physics","Paul Davies","1983","6","Science and faith","en","Davies explores the philosophical and religious implications of modern physics. Not Christian but argues that science points toward intelligent design. Compatible with theological reflection.","Physics|Intelligent design|Cosmology","Compatible with CCC 286"
"Ciencia y Religión","John Polkinghorne","1998","9","Ciencia y fe","es","Polkinghorne es físico teórico y sacerdote anglicano. Defiende con rigor académico la compatibilidad entre física cuántica y fe cristiana. Plenamente compatible con la visión católica de la relación fe-razón.","Física cuántica|Fe|Razón","Compatible con Fides et Ratio"
"Science and Religion","John Polkinghorne","1998","9","Science and faith","en","Polkinghorne is a theoretical physicist and Anglican priest. Rigorously defends the compatibility between quantum physics and Christian faith. Fully compatible with the Catholic vision of faith-reason.","Quantum physics|Faith|Reason","Compatible with Fides et Ratio"
"El Diseño de la Existencia","Michael Behe","1996","7","Ciencia y fe","es","Bioquímico católico que defiende el diseño inteligente desde la biología molecular. La Iglesia no ha condenado el diseño inteligente aunque tampoco lo ha adoptado oficialmente. Lectura interesante para católicos.","Diseño inteligente|Biología|Fe","No condenado por el Magisterio"
"Darwin's Black Box","Michael Behe","1996","7","Science and faith","en","Catholic biochemist defending intelligent design from molecular biology. The Church has not condemned intelligent design though it has not officially adopted it either. Interesting reading for Catholics.","Intelligent design|Biology|Faith","Not condemned by the Magisterium"
"La Gran Ilusión","Richard Dawkins","2006","1","Ciencia y fe","es","Ataque sistemático a la religión usando argumentos científicos. Dawkins argumenta que la fe es una ilusión peligrosa y que la ciencia la hace innecesaria. Directamente contrario a la fe católica.","Ateísmo|Anti-religión|Ciencia","Contrario a CIC 31, 36"
"El espejismo de Dios","Richard Dawkins","2006","1","Ciencia y fe","es","Crítica directa a la creencia en Dios desde el naturalismo científico. Presenta la religión como una ilusión perjudicial, en contradicción con la doctrina católica.","Ateísmo|Ciencia|Crítica religión","Contrario a CIC 31, 36"
"Sapiens: De animales a dioses","Yuval Noah Harari","2011","2","Historia y antropología","es","Interpreta la religión como construcción social y evolutiva. Ofrece ideas interesantes pero reduce la dimensión espiritual del ser humano.","Historia|Antropología|Relativismo","Contrario a CIC 355, 366"
"El código Da Vinci","Dan Brown","2003","1","Ficción","es","Novela que presenta teorías conspirativas sobre Jesucristo y la Iglesia sin base histórica. Puede generar confusión sobre verdades centrales de la fe.","Ficción|Iglesia|Conspiración","Contrario a CIC 88, 495"
"Cincuenta sombras de Grey","E. L. James","2011","1","Moral sexual","es","Promueve una visión distorsionada de la sexualidad humana, centrada en el placer y relaciones de dominación. Incompatible con la visión cristiana del amor.","Sexualidad|Erotismo","Contrario a CIC 2337, 2354"
"El poder del ahora","Eckhart Tolle","1997","2","Espiritualidad","es","Propone una espiritualidad centrada en la conciencia y el presente, con elementos cercanos al panteísmo. Puede ser compatible en parte, pero requiere discernimiento.","New Age|Espiritualidad","Advertencia: CIC 2117"
"Dios existe","Antony Flew","2007","5","Filosofía","es","El autor, anteriormente ateo, defiende la existencia de Dios desde argumentos filosóficos. Compatible con la fe natural y útil como apoyo apologético.","Apologética|Filosofía","Compatible con CIC 31"
"Introducción al cristianismo","Joseph Ratzinger","1968","5","Teología","es","Explicación profunda de la fe cristiana desde una perspectiva teológica sólida. Muy recomendable para comprender el Credo.","Teología|Doctrina","Compatible con CIC"
"Confesiones","San Agustín","397","5","Espiritualidad","es","Obra clásica que narra la conversión y búsqueda de Dios. Referente fundamental de la espiritualidad cristiana.","Santos|Conversión","Tradición de la Iglesia"
"El alquimista","Paulo Coelho","1988","2","Ficción espiritual","es","Presenta una espiritualidad difusa basada en el destino y la energía universal. Puede confundir la providencia divina con ideas esotéricas.","Espiritualidad|New Age","Advertencia: CIC 2117"
"Harry Potter y la piedra filosofal","J. K. Rowling","1997","3","Ficción","es","Obra de fantasía con elementos mágicos. Generalmente considerada neutral si se entiende como ficción, aunque requiere acompañamiento en lectores jóvenes.","Fantasía|Magia","Discernimiento prudencial CIC 2117"
"Más allá del bien y del mal","Friedrich Nietzsche","1886","1","Filosofía","es","Crítica radical a la moral cristiana y a la noción de verdad objetiva. Incompatible con la ética católica.","Filosofía|Relativismo","Contrario a CIC 1955"
"La abolición del hombre","C. S. Lewis","1943","5","Filosofía moral","es","Defensa de la ley moral objetiva frente al relativismo. Muy alineado con la antropología cristiana.","Moral|Apologética","Compatible con CIC 1954"
"La asistenta","Freida McFadden","2022","2","Thriller","es","Thriller psicológico centrado en secretos y manipulación. Puede incluir visiones morales ambiguas y oscuras.","Thriller|Psicología","Discernimiento moral"
"Alas de sangre","Rebecca Yarros","2023","2","Fantasía","es","Fantasía romántica con violencia y sexualidad explícita. Puede presentar relaciones desordenadas.","Fantasía|Romance","Advertencia: CIC 2354"
"Alas de ónix","Rebecca Yarros","2025","2","Fantasía","es","Continuación de saga con fuerte carga emocional y romántica. Elementos de magia y erotización.","Fantasía|Romance","Advertencia: CIC 2117, 2354"
"La muy catastrófica visita al zoo","Joël Dicker","2024","4","Infantil","es","Historia accesible con valores familiares y educativos. Compatible en general.","Infantil|Familia","Compatible"
"Invisible","Eloy Moreno","2018","4","Juvenil","es","Reflexión sobre el bullying y la dignidad humana. Compatible con valores cristianos.","Juvenil|Valores","CIC 1930"
"La biblioteca de la medianoche","Matt Haig","2020","3","Ficción","es","Explora vidas alternativas sin referencia a Dios. Puede tender al relativismo existencial.","Filosofía|Existencialismo","Discernimiento CIC 1700"
"La paciente silenciosa","Alex Michaelides","2019","2","Thriller","es","Thriller psicológico con temas de trauma y violencia. Moralidad ambigua.","Thriller","Discernimiento"
"Sapiens","Yuval Noah Harari","2011","2","Ensayo","es","Reduce la religión a construcción cultural. Niega dimensión espiritual trascendente.","Historia|Ateísmo","Contrario a CIC 355"
"Homo Deus","Yuval Noah Harari","2015","1","Ensayo","es","Propone un futuro sin Dios donde el hombre se convierte en divinidad. Contrario a la visión cristiana.","Transhumanismo","Contrario a CIC 285"
"Proyecto Hail Mary","Andy Weir","2021","3","Ciencia ficción","es","Ciencia ficción centrada en la supervivencia humana sin referencia religiosa. Neutral.","Ciencia ficción","Neutral"
"El alquimista","Paulo Coelho","1988","2","Espiritualidad","es","Espiritualidad difusa con elementos de destino y energía universal. Riesgo de confusión doctrinal.","New Age","Advertencia CIC 2117"
"El poder de los hábitos","Charles Duhigg","2012","4","Autoayuda","es","Análisis científico del comportamiento humano. Compatible si se integra con visión moral.","Psicología","Compatible"
"Hábitos atómicos","James Clear","2018","5","Autoayuda","es","Fomenta disciplina y mejora personal. Compatible con la virtud cristiana.","Virtud|Disciplina","CIC 1803"
"Padre rico, padre pobre","Robert Kiyosaki","1997","3","Finanzas","es","Promueve éxito económico. Puede derivar en materialismo si no se equilibra.","Dinero","Advertencia CIC 2424"
"El monje que vendió su Ferrari","Robin Sharma","1997","3","Autoayuda","es","Mezcla espiritualidad oriental con desarrollo personal. Requiere discernimiento.","Espiritualidad","Advertencia CIC 2117"
"Cien años de soledad","Gabriel García Márquez","1967","3","Literatura","es","Gran obra literaria con elementos mágicos. No doctrinal pero valiosa culturalmente.","Realismo mágico","Neutral"
"1984","George Orwell","1949","4","Distopía","es","Crítica al totalitarismo. Compatible con la defensa de la verdad y libertad.","Política","CIC 1730"
"Un mundo feliz","Aldous Huxley","1932","2","Distopía","es","Mundo sin Dios ni familia. Denuncia útil pero con visión antropológica problemática.","Distopía","Discernimiento"
"Orgullo y prejuicio","Jane Austen","1813","5","Clásico","es","Historia sobre amor, virtud y carácter. Altamente compatible.","Clásico","Compatible"
"Los juegos del hambre","Suzanne Collins","2008","3","Juvenil","es","Violencia y crítica social. Puede ser útil con acompañamiento.","Juvenil","Discernimiento"
"Crepúsculo","Stephenie Meyer","2005","2","Romance","es","Relación emocional intensa con elementos problemáticos. Idealización del amor posesivo.","Romance","CIC 2337"
"It","Stephen King","1986","1","Terror","es","Contenido explícito de violencia y sexualidad. No recomendable.","Terror","CIC 2354"
"El señor de los anillos","J.R.R. Tolkien","1954","5","Fantasía","es","Profundamente inspirado en valores cristianos como el sacrificio y el bien.","Fantasía","Compatible"
"Crimen y castigo","Fiódor Dostoyevski","1866","5","Clásico","es","Exploración del pecado, culpa y redención. Muy alineado con la visión cristiana.","Redención","Compatible CIC 1847"
"It Ends With Us","Colleen Hoover","2016","2","Romance","es","Relación marcada por abuso y emociones intensas. Puede normalizar dinámicas afectivas desordenadas.","Romance|Drama","Discernimiento CIC 2337"
"It Starts With Us","Colleen Hoover","2022","2","Romance","es","Continuación centrada en relaciones sentimentales complejas con ambigüedad moral.","Romance","Discernimiento"
"Ugly Love","Colleen Hoover","2014","2","Romance","es","Historia con fuerte carga emocional y sexualidad explícita.","Romance","Advertencia CIC 2354"
"Verity","Colleen Hoover","2018","1","Thriller","es","Contenido oscuro con violencia psicológica y elementos sexuales explícitos.","Thriller","Advertencia CIC 2354"
"Fourth Wing","Rebecca Yarros","2023","2","Fantasía","es","Fantasía romántica con violencia y erotización de las relaciones.","Fantasía|Romance","Advertencia CIC 2354"
"Iron Flame","Rebecca Yarros","2023","2","Fantasía","es","Continuación con relaciones intensas y presencia de magia.","Fantasía","Advertencia CIC 2117"
"A Court of Thorns and Roses","Sarah J. Maas","2015","2","Fantasía","es","Fantasía romántica con contenido sexual explícito y relaciones complejas.","Romantasy","Advertencia CIC 2354"
"A Court of Mist and Fury","Sarah J. Maas","2016","2","Fantasía","es","Relaciones emocionalmente intensas con erotización significativa.","Romantasy","Advertencia CIC 2354"
"Twisted Love","Ana Huang","2021","1","Romance","es","Relaciones obsesivas con fuerte carga sexual.","Romance","Advertencia CIC 2354"
"Twisted Games","Ana Huang","2021","1","Romance","es","Romance centrado en deseo y poder con erotización.","Romance","Advertencia CIC 2354"
"Haunting Adeline","H.D. Carlton","2021","1","Romance oscuro","es","Contenido extremadamente explícito y perturbador en relaciones.","Dark romance","Contrario a CIC 2354"
"The Love Hypothesis","Ali Hazelwood","2021","3","Romance","es","Romance contemporáneo con elementos emocionales y cierta carga sexual.","Romance","Discernimiento"
"Book Lovers","Emily Henry","2022","3","Romance","es","Relación romántica moderna sin referencias espirituales.","Romance","Neutral"
"Happy Place","Emily Henry","2023","3","Romance","es","Explora relaciones humanas complejas con enfoque emocional.","Romance","Discernimiento"
"The Seven Husbands of Evelyn Hugo","Taylor Jenkins Reid","2017","2","Drama","es","Relativismo moral en relaciones afectivas y decisiones personales.","Drama","Discernimiento"
"Daisy Jones & The Six","Taylor Jenkins Reid","2019","2","Drama","es","Ambiente de excesos y relativismo moral en el mundo artístico.","Música","Discernimiento"
"The Midnight Library","Matt Haig","2020","3","Ficción","es","Explora el sentido de la vida sin referencia a Dios ni trascendencia.","Filosofía","Discernimiento CIC 1700"
"The Invisible Life of Addie LaRue","V.E. Schwab","2020","2","Fantasía","es","Narrativa basada en un pacto sobrenatural con implicaciones problemáticas.","Fantasía","Advertencia CIC 2117"
"The Housemaid","Freida McFadden","2022","2","Thriller","es","Thriller psicológico con tensión moral y ambigüedad.","Thriller","Discernimiento"
"The Perfect Marriage","Jeneva Rose","2020","2","Thriller","es","Infidelidad y crimen como eje narrativo.","Thriller","Discernimiento CIC 2380"
"Things We Never Got Over","Lucy Score","2022","2","Romance","es","Romance adulto con presencia de sexualidad explícita.","Romance","Advertencia CIC 2354"
"Reminders of Him","Colleen Hoover","2022","3","Drama","es","Historia de redención con elementos positivos aunque complejos.","Redención","Parcialmente compatible"
"Better Than the Movies","Lynn Painter","2021","4","Juvenil","es","Romance juvenil ligero con valores generalmente positivos.","Juvenil","Compatible"
"The Song of Achilles","Madeline Miller","2011","2","Ficción","es","Reinterpretación mitológica con enfoque en relaciones afectivas.","Mitología","Discernimiento"
"Icebreaker","Hannah Grace","2022","1","Romance","es","Relaciones altamente sexualizadas en contexto juvenil.","Romance","Advertencia CIC 2354"
"Wildfire","Hannah Grace","2024","1","Romance","es","Romance contemporáneo con fuerte carga sexual y emocional.","Romance","Advertencia CIC 2354"
"Daydream","Hannah Grace","2024","2","Romance","es","Relaciones juveniles con enfoque emocional y cierta erotización.","Romance","Discernimiento"
"Powerless","Lauren Roberts","2023","2","Fantasía","es","Fantasía juvenil con romance y violencia moderada.","Fantasía","Discernimiento"
"Reckless","Lauren Roberts","2024","2","Fantasía","es","Continuación con romance intenso y conflictos morales.","Fantasía","Discernimiento"
"Fearless","Lauren Roberts","2025","2","Fantasía","es","Saga con énfasis en emociones y relaciones complejas.","Fantasía","Discernimiento"
"Divine Rivals","Rebecca Ross","2023","4","Fantasía","es","Historia con valores de sacrificio y amor en contexto fantástico.","Fantasía","Compatible"
"Ruthless Vows","Rebecca Ross","2024","4","Fantasía","es","Continuación con enfoque en compromiso y amor fiel.","Fantasía","Compatible"
"Bride","Ali Hazelwood","2024","2","Romance","es","Romance paranormal con elementos sexuales y fantásticos.","Romance","Advertencia CIC 2354"
"Check & Mate","Ali Hazelwood","2023","3","Romance","es","Romance juvenil con enfoque emocional y desarrollo personal.","Romance","Discernimiento"
"Love, Theoretically","Ali Hazelwood","2023","3","Romance","es","Relación romántica moderna con cierta carga sexual.","Romance","Discernimiento"
"Funny Story","Emily Henry","2024","3","Romance","es","Relación contemporánea con conflictos emocionales.","Romance","Discernimiento"
"Just for the Summer","Abby Jimenez","2024","3","Romance","es","Historia romántica con elementos emocionales complejos.","Romance","Discernimiento"
"Yours Truly","Abby Jimenez","2023","4","Romance","es","Relación basada en cuidado y empatía.","Romance","Parcialmente compatible"
"The Paradise Problem","Christina Lauren","2024","2","Romance","es","Romance adulto con situaciones moralmente ambiguas.","Romance","Discernimiento"
"Love Redesigned","Lauren Asher","2023","2","Romance","es","Relación romántica con carga emocional y sexual.","Romance","Advertencia CIC 2354"
"Final Offer","Lauren Asher","2023","2","Romance","es","Relaciones complejas con enfoque en deseo y conflictos.","Romance","Discernimiento"
"King of Pride","Ana Huang","2023","1","Romance","es","Romance altamente erotizado y centrado en deseo.","Romance","Advertencia CIC 2354"
"King of Greed","Ana Huang","2024","1","Romance","es","Relación marcada por ambición, deseo y materialismo.","Romance","Advertencia CIC 2424"
"King of Sloth","Ana Huang","2024","1","Romance","es","Romance con enfoque en placer y estilo de vida superficial.","Romance","Discernimiento"
"Flawless","Elsie Silver","2023","2","Romance","es","Romance adulto con contenido sexual explícito.","Romance","Advertencia CIC 2354"
"Heartless","Elsie Silver","2023","2","Romance","es","Relaciones intensas con erotización.","Romance","Advertencia CIC 2354"
"Hopeless","Elsie Silver","2024","2","Romance","es","Romance emocional con elementos desordenados.","Romance","Discernimiento"
"Magnolia Parks","Jessa Hastings","2023","1","Romance","es","Relaciones tóxicas y superficialidad emocional.","Romance","Advertencia CIC 2354"
"Daisy Haites","Jessa Hastings","2023","1","Romance","es","Ambiente de excesos, relaciones desordenadas.","Romance","Discernimiento"
"Binding 13","Chloe Walsh","2023","2","Juvenil","es","Historia juvenil con romance intenso y conflictos.","Juvenil","Discernimiento"
"Keeping 13","Chloe Walsh","2023","2","Juvenil","es","Continuación con enfoque en relaciones complejas.","Juvenil","Discernimiento"
"Saving 6","Chloe Walsh","2024","2","Juvenil","es","Temas de trauma y redención parcial.","Juvenil","Discernimiento"
"Redeeming 6","Chloe Walsh","2024","2","Juvenil","es","Proceso de cambio personal con elementos positivos.","Juvenil","Parcialmente compatible"
"El Señor de los Anillos","J.R.R. Tolkien","1954","5","Fantasía","es","Obra profundamente inspirada en valores cristianos como el sacrificio, la humildad y el bien.","Fantasía|Virtud","Compatible"
"El Hobbit","J.R.R. Tolkien","1937","5","Fantasía","es","Aventura con valores de valentía, amistad y crecimiento personal.","Fantasía","Compatible"
"Las Crónicas de Narnia","C.S. Lewis","1950","5","Fantasía","es","Alegoría cristiana accesible que transmite valores evangélicos.","Fantasía|Cristianismo","Compatible"
"Mero cristianismo","C.S. Lewis","1952","5","Teología","es","Defensa clara y racional de la fe cristiana.","Apologética","Compatible CIC 31"
"Cartas del diablo a su sobrino","C.S. Lewis","1942","5","Espiritualidad","es","Reflexión brillante sobre la tentación y la vida moral.","Espiritualidad","Compatible"
"Orgullo y prejuicio","Jane Austen","1813","5","Clásico","es","Historia sobre virtud, carácter y amor auténtico.","Virtud","Compatible"
"Jane Eyre","Charlotte Brontë","1847","5","Clásico","es","Fuerte sentido moral, dignidad y fe personal.","Virtud","Compatible"
"Crimen y castigo","Fiódor Dostoyevski","1866","5","Clásico","es","Exploración del pecado, culpa y redención profundamente cristiana.","Redención","Compatible CIC 1847"
"Los hermanos Karamazov","Fiódor Dostoyevski","1880","5","Clásico","es","Reflexión profunda sobre Dios, libertad y moral.","Teología","Compatible"
"Anna Karenina","León Tolstói","1877","4","Clásico","es","Muestra consecuencias del pecado y búsqueda de sentido.","Moral","Compatible"
"Guerra y paz","León Tolstói","1869","5","Clásico","es","Gran obra sobre historia, providencia y sentido de la vida.","Historia","Compatible"
"El conde de Montecristo","Alexandre Dumas","1844","5","Clásico","es","Historia sobre justicia, perdón y redención.","Redención","Compatible"
"Los miserables","Victor Hugo","1862","5","Clásico","es","Profunda reflexión sobre gracia, misericordia y conversión.","Misericordia","Compatible"
"Don Quijote de la Mancha","Miguel de Cervantes","1605","5","Clásico","es","Obra rica en valores humanos, idealismo y dignidad.","Clásico","Compatible"
"El principito","Antoine de Saint-Exupéry","1943","5","Fábula","es","Reflexión sobre amor, responsabilidad y sentido de la vida.","Valores","Compatible"
"La cabaña","William P. Young","2007","4","Ficción espiritual","es","Reflexiona sobre el sufrimiento y Dios, aunque con simplificaciones teológicas.","Espiritualidad","Discernimiento"
"El poder del ahora","Eckhart Tolle","1997","2","Espiritualidad","es","Espiritualidad con elementos no cristianos. Requiere discernimiento.","New Age","Advertencia CIC 2117"
"Hábitos atómicos","James Clear","2018","5","Autoayuda","es","Promueve disciplina y crecimiento personal alineado con la virtud.","Virtud","Compatible CIC 1803"
"Los 7 hábitos de la gente altamente efectiva","Stephen R. Covey","1989","5","Autoayuda","es","Enfoque ético del desarrollo personal y responsabilidad.","Virtud","Compatible"
"El hombre en busca de sentido","Viktor Frankl","1946","5","Testimonio","es","Reflexión sobre sufrimiento y sentido con fuerte compatibilidad cristiana.","Sufrimiento","Compatible"
"Introducción al cristianismo","Joseph Ratzinger","1968","5","Teología","es","Explicación profunda de la fe cristiana.","Teología","Compatible"
"Jesús de Nazaret","Joseph Ratzinger","2007","5","Teología","es","Presentación rigurosa de la figura de Cristo.","Cristología","Compatible"
"Confesiones","San Agustín","397","5","Espiritualidad","es","Clásico de conversión y búsqueda de Dios.","Conversión","Tradición"
"Imitación de Cristo","Tomás de Kempis","1418","5","Espiritualidad","es","Guía espiritual centrada en la vida interior.","Espiritualidad","Tradición"
"Historia de un alma","Santa Teresa de Lisieux","1898","5","Espiritualidad","es","Camino de santidad basado en lo pequeño y cotidiano.","Santidad","Tradición"
"Camino","San Josemaría Escrivá","1939","5","Espiritualidad","es","Reflexiones breves sobre vida cristiana y santidad.","Virtud","Compatible"
"El gran divorcio","C.S. Lewis","1945","5","Ficción teológica","es","Reflexión sobre cielo, infierno y libertad humana.","Teología","Compatible"
"La abolición del hombre","C.S. Lewis","1943","5","Filosofía","es","Defensa de la moral objetiva frente al relativismo.","Moral","Compatible"
"El Señor de los Anillos","J.R.R. Tolkien","1954","5","Fantasía","es","Obra profundamente inspirada en valores cristianos como sacrificio y humildad.","Virtud","Compatible"
"El Hobbit","J.R.R. Tolkien","1937","5","Fantasía","es","Aventura con valores de crecimiento personal y valentía.","Virtud","Compatible"
"Crimen y castigo","Fiódor Dostoyevski","1866","5","Clásico","es","Exploración del pecado, culpa y redención.","Redención","Compatible CIC 1847"
"Los miserables","Victor Hugo","1862","5","Clásico","es","Historia sobre misericordia, justicia y conversión.","Misericordia","Compatible"
"1984","George Orwell","1949","4","Distopía","es","Defensa de la verdad frente al totalitarismo.","Verdad","Compatible"
"Un mundo feliz","Aldous Huxley","1932","2","Distopía","es","Visión sin Dios ni familia. Útil como advertencia.","Distopía","Discernimiento"
"Hábitos atómicos","James Clear","2018","5","Autoayuda","es","Promueve disciplina y virtud.","Virtud","Compatible CIC 1803"
"El hombre en busca de sentido","Viktor Frankl","1946","5","Testimonio","es","Reflexión sobre sufrimiento y sentido.","Sufrimiento","Compatible"
"It Ends With Us","Colleen Hoover","2016","2","Romance","es","Relación marcada por abuso emocional.","Romance","Discernimiento CIC 2337"
"Verity","Colleen Hoover","2018","1","Thriller","es","Contenido oscuro con sexualidad explícita.","Thriller","Advertencia CIC 2354"
"Fourth Wing","Rebecca Yarros","2023","2","Fantasía","es","Fantasía romántica con erotización.","Romantasy","Advertencia CIC 2354"
"The Housemaid","Freida McFadden","2022","2","Thriller","es","Thriller psicológico con ambigüedad moral.","Thriller","Discernimiento"
"La biblioteca de la medianoche","Matt Haig","2020","3","Ficción","es","Explora el sentido de la vida sin referencia a Dios.","Filosofía","Discernimiento"
"El alquimista","Paulo Coelho","1988","2","Espiritualidad","es","Espiritualidad difusa con elementos New Age.","New Age","Advertencia CIC 2117"
"Mero cristianismo","C.S. Lewis","1952","5","Teología","es","Defensa racional de la fe cristiana.","Apologética","Compatible"
"Confesiones","San Agustín","397","5","Espiritualidad","es","Relato de conversión y búsqueda de Dios.","Conversión","Tradición"
"Don Quijote de la Mancha","Miguel de Cervantes","1605","5","Clásico","es","Obra fundamental sobre idealismo, dignidad y sentido de la vida.","Clásico","Compatible"
"La Celestina","Fernando de Rojas","1499","2","Clásico","es","Refleja pasiones desordenadas y consecuencias del pecado.","Moral","Discernimiento"
"Lazarillo de Tormes","Anónimo","1554","3","Clásico","es","Crítica social con ambigüedad moral.","Sociedad","Discernimiento"
"Fuenteovejuna","Lope de Vega","1619","4","Clásico","es","Reflexión sobre justicia y comunidad.","Justicia","Compatible"
"Hamlet","William Shakespeare","1603","4","Clásico","es","Explora la duda moral, la venganza y la conciencia.","Moral","Discernimiento"
"Macbeth","William Shakespeare","1606","3","Clásico","es","Ambición desordenada y consecuencias del mal.","Pecado","Discernimiento"
"Romeo y Julieta","William Shakespeare","1597","3","Clásico","es","Amor apasionado sin prudencia con consecuencias trágicas.","Amor","Discernimiento"
"La divina comedia","Dante Alighieri","1320","5","Clásico","es","Visión profundamente cristiana del cielo, purgatorio e infierno.","Teología","Compatible"
"Fausto","Johann Wolfgang von Goethe","1808","2","Clásico","es","Pacto con el diablo y búsqueda desordenada del conocimiento.","Tentación","Advertencia CIC 2117"
"Los miserables","Victor Hugo","1862","5","Clásico","es","Historia sobre gracia, misericordia y redención.","Misericordia","Compatible"
"El conde de Montecristo","Alexandre Dumas","1844","5","Clásico","es","Justicia, venganza y perdón.","Redención","Compatible"
"Madame Bovary","Gustave Flaubert","1857","2","Clásico","es","Consecuencias del adulterio y la insatisfacción.","Moral","Discernimiento CIC 2380"
"Crimen y castigo","Fiódor Dostoyevski","1866","5","Clásico","es","Exploración del pecado, culpa y redención.","Redención","Compatible CIC 1847"
"Los hermanos Karamazov","Fiódor Dostoyevski","1880","5","Clásico","es","Reflexión profunda sobre Dios, libertad y moral.","Teología","Compatible"
"El idiota","Fiódor Dostoyevski","1869","5","Clásico","es","Retrato de la bondad en un mundo corrupto.","Virtud","Compatible"
"Anna Karenina","León Tolstói","1877","3","Clásico","es","Relaciones desordenadas y consecuencias morales.","Moral","Discernimiento"
"Guerra y paz","León Tolstói","1869","5","Clásico","es","Reflexión sobre historia, providencia y sentido de la vida.","Historia","Compatible"
"Drácula","Bram Stoker","1897","3","Clásico","es","Lucha simbólica entre el bien y el mal.","Bien y mal","Discernimiento"
"Frankenstein","Mary Shelley","1818","3","Clásico","es","Reflexión sobre los límites de la ciencia.","Ciencia","Discernimiento"
"Moby Dick","Herman Melville","1851","4","Clásico","es","Obsesión humana frente a lo trascendente.","Existencial","Discernimiento"
"Orgullo y prejuicio","Jane Austen","1813","5","Clásico","es","Virtud, carácter y amor auténtico.","Virtud","Compatible"
"Sentido y sensibilidad","Jane Austen","1811","5","Clásico","es","Equilibrio entre razón y emoción.","Virtud","Compatible"
"Jane Eyre","Charlotte Brontë","1847","5","Clásico","es","Dignidad, fe y moral personal.","Virtud","Compatible"
"Cumbres borrascosas","Emily Brontë","1847","2","Clásico","es","Pasiones intensas y destructivas.","Pasión","Discernimiento"
"El retrato de Dorian Gray","Oscar Wilde","1890","2","Clásico","es","Hedonismo y corrupción moral.","Pecado","Discernimiento"